[{"Name":"Red Barn Stores 3858-CUAJIMALPA","Address":"JOSE MA. CASTORENA NO. 84  COL. SAN JOSE DE LOS CEDROS, DELEGACION CUAJIMALPA   MEXICO D.F. C.P. 05210"},
{"Name":"Red Barn Stores 2344-LOMAS","Address":"BOULEVARD MANUEL AVILA CAMACHO NO. 491 COL. PERIODISTAS C.P.11220"},
{"Name":"Red Barn Stores 1770-PATIO SANTA FE","Address":"AV. PROLONGACIÓN PASEO DE LA REFORMA NO. 400, ENTRE LAS CALLES: AVENIDA VASCO DE QUIROGA  Y DE AVENIDA PASEO DE LA REFORMA, COL. SANTA FE,  DELEGACIÓN ÁLVARO OBREGÓN CP  01210"},
{"Name":"Red Barn Stores 2466-CUITLAHUAC","Address":"AV. CUITLÁHUAC NO. 3651 COL. HOGAR Y SEGURIDAD DELEG. AZCAPOTZALCO C.P.02820"},
{"Name":"Red Barn Stores 3862-AZCAPOTZALCO","Address":"AV. NEXTENGO NO. 78 COL. SANTA CRUZ ACAYUCAN , MEXICO D.F. C.P. 02770"},
{"Name":"Red Barn Stores 2347-TLAHUAC","Address":"CALZ. TLÁHUAC NO. 5662  COL. SAN LORENZO TEZONCO  DELEG. TLÁHUAC, MEXICO DF. C.P. 13266"},
{"Name":"Red Barn Stores 2464-MIRAMONTES ","Address":"AV. ESCUELA NAVAL MILITAR # 753 ESQ. AV. CANAL DE MIRAMONTES DELEG. COYOACÁN C.P. 04890"},
{"Name":"Red Barn Stores 2670-TLALPAN","Address":"CALZADA TLALPAN NO. 1037  COL. AMERICAS UNIDAS C.P. 03500 DELEG. BENITO JUÁREZ"},
{"Name":"Red Barn Stores 3857-VILLA COAPA","Address":"AV. CANAL DE MIRAMONTES NO. 3520 COL. SAN BARTOLO COAPA  C.P. 14390, MEXICO, D.F."},
{"Name":"Red Barn Stores 2345-TEPEYAC","Address":"CALZ. DE GUADALUPE NO. 431 COL. GUADALUPE TEPEYAC C.P.07840 DELEG. GUSTAVO A. MADERO"},
{"Name":"Red Barn Stores 3794-ACUEDUCTO DE GUADALUPE","Address":"AV. LUIS ESPINOZA NO.  160 COL. SANTIAGO ATEPETLAC, DELEGACION GUSTAVO A. MADERO MEXICO D.F. C.P. 07200"},
{"Name":"Red Barn Stores 3846-BUENAVISTA","Address":"INSURGENTES NORTE NO. 131, COL GUERRERO C.P. 06300   MEXICO, D.F."},
{"Name":"Red Barn Stores 3851-AEROPUERTO","Address":"CALZADA IGNACIO ZARAGOZA NO. 58   COL. FEDERAL  C.P. 15700, MEXICO D.F."},
{"Name":"Red Barn Stores 3872-BALBUENA","Address":"FRAY SERVANDO TERESA DE MIER NO. 881 COL.  JARDIN BALBUENA C.P. 15900, MEXICO D.F."},
{"Name":"Red Barn Stores 3877-TORRES  LINDAVISTA","Address":"MIGUEL OTHON DE MENDIZABAL OTE. 343, COL. NUEVA INDUSTRIAL VALLEJO,  C.P. 07700 MÉXICO, D.F"},
{"Name":"Red Barn Stores 4547-EDUARDO MOLINA","Address":"CALZADA SAN JUAN DE ARAGÓN NO. 516 COLONIA D.M. NACIONAL DELEGARCIÓN GUSTAVO A. MADERO D.F. C.P. 7090"},
{"Name":"Red Barn Stores 2430-COPILCO","Address":"AV. COPILCO NO. 164 COL. OXTOPULCO DEL. COYOACAN C.P. 04318"},
{"Name":"Red Barn Stores 2689-FELIX CUEVAS","Address":"AV. SAN FRANCISCO NO. 1621 COL. DEL VALLE DEL. BENITO JUÁREZ C.P. 03100"},
{"Name":"Red Barn Stores 3845-UNIVERSIDAD","Address":"AV. UNIVERSIDAD NO. 936-A COL. SANTA CRUZ ATOYAC   C.P. 03310, MEXICO D.F."},
{"Name":"Red Barn Stores 3848-TAXQUEÑA","Address":"MIGUEL A. DE QUEVEDO NO. 175 COL. CHIMALISTAC DELEGACION COYOACAN C.P. 01070, MEXICO D.F."},
{"Name":"Red Barn Stores 3852-PLATEROS","Address":"BLVD. ADOLFO LOPEZ MATEOS NO. 1701 COL. LOMAS DE PLATEROS, DELEG. ALVARO OBREGON C.P. 01460 MEXICO D.F."},
{"Name":"Red Barn Stores 3863-PERIFERICO SUR","Address":"AV. CENTRO COMERCIAL NO. 190 COL. INSURGENTES CUICUILCO C.P. 04530 MEXICO, D.F."},
{"Name":"Red Barn Stores 3876-LAS AGUILAS","Address":"LAS AGUILAS NO. 820 COL. LAS AGUILAS C.P. 01710  ALVARO OBREGON MEXICO D.F."},
{"Name":"Red Barn Stores 1580-EL ROSARIO","Address":"AV. EL ROSARIO NO. 1025 ENTRE LAS CALLES AQUILES SERDÁN Y AV. DEL PARQUE, COL. TIERRA NUEVA, C.P. 02430, DELEG. AZCAPOTZALCO, D.F."},
{"Name":"Red Barn Stores 2033-PLAZA ORIENTE","Address":"AV. CANAL DE TEZONTLE NO. 1520 COL. DR. ALFONSO ORTIZ TIRADO DELEG. IZTAPALAPA D.F. C.P.09020"},
{"Name":"Red Barn Stores 1460-CUEMANCO","Address":"CAÑAVERALES #222 COL.GRANJAS COAPA DELEGACION TLALPAN C.P.14330"},
{"Name":"Red Barn Stores 2382-INTERLOMAS","Address":"BLVD. MAGNOCENTRO NO. 35, LOTE 1, MANZANA II, COL  BOSQUES DE LAS PALMAS, HUIXQUILUCAN, EDO. DE MEXICO, C.P. 52787"},
{"Name":"Red Barn Stores 3504-AV. JESUS DEL MONTE","Address":"BLVD. PASEO INTERLOMAS # 5 ENTRE LAS CALLES PASEO INTERLOMAS Y JESUS DEL MONTE, COL. GREEN HOUSE SEGUNDA ETAPA, CP 52779, HUIXQUILUCAN EDO MEX"},
{"Name":"Red Barn Stores 2343-TOLUCA","Address":"PASEO TOLLOCAN NO. 600 COL. SECTOR PROGRESO, C.P.50150 TOLUCA EDO. DE MÉXICO"},
{"Name":"Red Barn Stores 3263-PILARES","Address":"AV. BAJA VELOCIDAD NO. 1201 ORIENTE, ENTRE LAS CALLES PRIVADA CERRADA BERNARDO VARA Y TOLLOCAN II, COL. SAN JERÓNIMO CHICAHUALCO, CP 52170, METEPEC, MEX. (OFICIAL) "},
{"Name":"Red Barn Stores 3790-METEPEC","Address":"LEONA VICARIO NO. 502, COL LA PURISIMA, C.P. 52840, METEPEC, EDO DE MÉXICO"},
{"Name":"Red Barn Stores 5702-SANTIN ","Address":"VIALIDAD TOLUCA-NAUCALPAN NO. 1101, SAN MATEO OTZACATIPAN,TOLUCA EDO. MEX. CP. 50200"},
{"Name":"Red Barn Stores 5791-ZINACANTEPEC","Address":"BOULEVARD ADOLFO LÓPEZ MATEOS NO. 117 COL. OJUELOS ZINACANTEPEC C.P. 51350"},
{"Name":"Red Barn Stores 5825-ALFREDO DEL MAZO","Address":"BOULEVARD ALFREDO DEL MAZO NO. 503 COL. JARDINES DE TLACOPA TOLUCA C.P. 50071"},
{"Name":"Red Barn Stores 1044-SAN MARCOS IZCALLI","Address":"AV. CHALMA NO. 281 COL. JARDINES DE LA HACIENDA, CUAUTITLAN IZCALLI, EDO. DE MEX. C.P. 54720"},
{"Name":"Red Barn Stores 1423-SANTA ELENA","Address":"CARRETERA CUAUTITLAN-TULTEPEC NO. 2 ENTRE LAS CALLES SANTA LUCIA Y CAMINO VIEJO EL QUEMADO, COL. TERREMOTO C.P. 54850, CUAUTITLAN EDO. DE MEX."},
{"Name":"Red Barn Stores 1834-PLAZA DEL LAGO","Address":"AV. CUAUTITLÁN IZCALLI S/N ESQ. TENANGO DEL VALLE, COL. CUAUTITLÁN IZCALLI, C.P. 54700, CUAUTITLÁN IZCALLI, EDO. DE MÉX."},
{"Name":"La Tienda Especiál 1001-San Buenaventura","Address":"Paseo San Buenaventura No. 15, Esq. Paseo de Las Lomas, San Buenaventura, Municipio de Ixtapaluca, Estado de México, C.P. 56536"},
{"Name":"Red Barn Stores 2643-NICOLAS ROMERO","Address":"BLVD. ARTURO MONTIEL ROJAS KM 10+700 ENTRE LAS CALLES AV. DE LAS FLORES Y CALLE 6 DE ENERO, COL. AMPLIACION VISTA HERMOSA, C.P. 54414 NICOLAS ROMERO, EDO. DE MEX."},
{"Name":"Red Barn Stores 3900-COACALCO","Address":"VIA JOSE LOPEZ PORTILLO NO 101. COL. ZACUAUTITLA, C.P. 55710 COACALCO DE BERRIOZABAL, EDO DE MEX"},
{"Name":"Red Barn Stores 4018-SANTA MARÍA COACALCO","Address":"VÍA JOSÉ LÓPEZ PORTILLO NO. 2 COL. SAN FRANCISCO COACALCO, C.P. 55712 COACALCO DE BERRIOZABAL, EDO. DE MEX."},
{"Name":"La Tienda Especiál 1002-Teotihuacán","Address":"Avenida Cruz de la Misión #8 San JuanTeotihuacán, Edo de Méx C.P. 55800"},
{"Name":"Red Barn Stores 2041-TOLTECAS","Address":"AV. HIDALGO S/N  COL. INDUSTRIAL TLAXCOLPAN CP 54030 , TLALNEPANTLA DE BAZ, EDO. DE MEX."},
{"Name":"SuperStore 3849-ESMERALDA","Address":"Vía Doctor Jorge Jimenez Cantu S/N Col. Plaza Del Condado C.P. 52930 Atizapán de Zaragoza, Edo. De Mexico"},
{"Name":"Red Barn Stores 1032-LOMAS VERDES","Address":"SUPER CARRETERA LOMAS VERDES NO. 1200 VI SECCIÓN LOMAS VERDES; NAUCALPAN, ED. MEXICO C.P. 53120"},
{"Name":"Red Barn Stores 1584-ESPACIO ESMERALDA","Address":"AV. DR. JORGE JIMENEZ CANTU SN, ENTRE LAS CALLES ESTADIA Y RESIDENCIA CHILUCA, COL. LA ESTADIA C.P. 52936 ATIZAPAN EDO. DE MEX."},
{"Name":"Red Barn Stores 3847-SATELITE","Address":"CIRCUITO 19 METALURGISTAS NO. 2 CD. SATELITE  C.P. 53100  NAUCALPAN DE JUAREZ, EDO. DE MEX."},
{"Name":"Red Barn Stores 3850-ECHEGARAY","Address":"EMILIANO ZAPATA NO 7  COL. SANTA MARÍA NATIVITAS C.P. 05320 EDO. DE MEX."},
{"Name":"Red Barn Stores 3854-PIRULES","Address":"BLVD. MANUEL AVILA CAMACHO NO. 2550  FRACC. LOS PIRULES  C.P. 54050  TLALNEPANTLA EDO. DE MEX."},
{"Name":"Red Barn Stores 1169-MULTIPLAZA ARBOLEDAS","Address":"AUTOPISTA  MEXICO-QUERETARO NO. 3985 COL. CENTRO INDUSTRIAL TLALNEPANTLA CP 54030 MPO. TLANEPANTLA DE BAZ, ESTADO DE MEXICO."},
{"Name":"Red Barn Stores 5855-LAS ALAMEDAS","Address":"PASEO DE LAS PALOMAS NO. 25 FRACC. LAS ALAMEDAS MUNICIPIO DE ATIZAPÁN DE ZARAGOZA, EDO. DE MÉX. C.P. 52970"},
{"Name":"Red Barn Stores 1683-VICENTE GUERRERO","Address":"CARRETERA FEDERAL MEXICO -CUAULA # 166 ESQ. CARRETERA A CHALCO-SANTA MARIA HUEXOCULCO COL. SAN GREGORIO CUAUTZINGO, CP 56600, CHALCO EDO DE MEXICO"},
{"Name":"Red Barn Stores 1202-HORIZONTE","Address":"AV. INGENIEROS NO. 370 MANZANA 1855 LOTE 02 ENTRE LAS CALLES DE HERMENEGILDO GALEANA Y PILAR DEL PROGRESO, COL. EL AGOSTADERO, C.P. 56615, VALLE DE CHALCO SOLIDARIDAD, ESTADO DE MÉXICO "},
{"Name":"Red Barn Stores 1489-HIPERPLAZA TEXCOCO","Address":"HIDALGO NO. 300, ENTRE LAS CALLES CAMINO ALMOLINO DE LAS FLORES Y LIBERTAD, COL. STA. CRUZ DE ARRIBA C.P. 56120, TEXCOCO EDO. DE MEX. "},
{"Name":"La Tienda Especiál 1008-Héroes Tecamac","Address":"José Ma. Pino Suarez No. 52  Los Heroes Tecamac , Tecamac Edo de Mex  CP. 55760"},
{"Name":"Red Barn Stores 2079-CD. JARDIN","Address":"AV. BORDO DE XOCHIACA NO. 3 LT -A2  COL. BENITO JUÁREZ  C.P. 57000  MUNICIPIO NEZAHUALCOYOTL, EDO. DE MÉXICO."},
{"Name":"Red Barn Stores 3005-PLAZA ARAGON","Address":"AV. CENTRAL NO 120, LOCAL 62 AL 68 Y 118, COL. RINCONADA DE ARAGON, ECATEPEC ESTADO DE ME XICO, C.P. 55120"},
{"Name":"Red Barn Stores 4109-PUERTA TEXCOCO","Address":"CARRETERA FEDERAL MEXICO TEXCOCO KM 30.5   COL. SANTIAGO CUAUTLALPAN     TEXCOCO ESTADO DE MEXICO   C.P.56259"},
{"Name":"Red Barn Stores 4157-PERIFÉRICO CUAUTITLAN","Address":"AUT. MÉXICO-QUERÉTARO KM.  36.5 LTE. 1 COL. PARQUE INDUSTRIAL CUAMATLA, C.P. 54730, CUAUTITLAN  IZCALLI, ESTADO DE MÉXICO"},
{"Name":"Red Barn Stores 1462-LERMA TOLUCA","Address":"RIO LERMA NO. 5 ENTRE LAS CALLES DE MORELOS Y EL CALVARIO, COL. LA MERCED LERMA CP 52006"},
{"Name":"Red Barn Stores 1171-SAN JOSE TECAMC","Address":"CARRETERA FEDERAL MÉXICO - PACHUCA  KM  36.5   COL. HUEYOTENCO   TECÁMAC, EDO. DE MEX  C.P.  55741"},
{"Name":"Red Barn Stores 1203-SUPER PLAZA ECATEPEC","Address":"AVE. CARLOS HANK GONZALEZ S/N ENTRE LAS CALLES DE CARRIL Y AVE GOBERNADORA STA MA. TULPETLAC 55400 ECATEPEC DE MORELOS EDO DE MEX."},
{"Name":"La Tienda Especiál 1109-Ayotla","Address":"Carretera Federal Mexico-Puebla KM 27.5 N° 6, Entre Nicolas Bravo Y Francisco Javier Mina, C.P. 56560"},
{"Name":"SuperStore 3826-VIVEROS","Address":"Calle 8 No. 1 Col. Viveros Del Valle C.P. 54080 Tlalnepantla, Estado De Mexico"},
{"Name":"SuperStore 3838-LOMAS VERDES","Address":"Av. Lomas Verdes No. 545 Col. Lomas Verdes C.P. 53120 Naucalpan, Edo. De Mexico"},
{"Name":"SuperStore 3815-TECAMACHALCO","Address":"Av. De Las Fuentes No. 174 Col. Lomas De Tecamachalco C.P. 53950 Naucalpan, Edo. de Mexico"},
{"Name":"La Tienda Especiál 1110-Plaza Ecatepec","Address":"Av. Vía Morelos Km21 No.172 Colonia Laureles C.P 55090, Ecatepec De Morelos, Edo.  De México "},
{"Name":"Red Barn Stores 5469-RÍO DE LOS REMEDIOS","Address":"AV. RIO DE LOS REMEDIOS N°. 5 COL. EXRANCHO PUEBLODE SAN JUAN IXHUATEPEC, TLALNEPANTLA, ESTADO DE MÉXICO CP 54180"},
{"Name":"KAYCHEE 98-Santa Fe","Address":"PROLONGACION VASCO DE QUIROGA No. 3800, SANTA FE CUAJIMALPA, CUAJIMALPA DE MORELOS, DISTRITO FEDERAL, C.P..05348"},
{"Name":"KAYCHEE 106-Toreo","Address":"BOULEVARD MANUEL AVILA CAMACHO NO.5, LOMAS DE SOTELO, NAUCALPAN DE JUAREZ, ESTADO DE MEXICO, C.P..53390"},
{"Name":"KAYCHEE 117-UN-San Esteban","Address":"CALZ. SAN ESTEBAN NO. 46 ENTRE CANAL DEL TORNILLO Y PRIV. 10 DE MAYO, COL. SAN ESTEBAN HITZILACASCO, NAUCALPAN DE JUAREZ, ESTADO DE MEXICO. C.P. 53550"},
{"Name":"KAYCHEE 129-Un-Buen Tono","Address":"BUEN TONO NO. 8 ENTRE DELICIAS Y ERNESTO PUGIBET, COL CENTRO, DELEG CUAUHTEMOC, MEXICO, DISTRITO FEDERAL. C.P. 06070"},
{"Name":"KAYCHEE 147-Cuajimalpa","Address":"AV. JOSE MARIA CASTORENA NO. 316, CUAJIMALPA, CUAJIMALPA DE MORELOS, C.P..05000"},
{"Name":"KAYCHEE 231-UN-Interlomas","Address":"BLVRD. INTERLOMAS NO. 5, LOCAL A-400 CENTRO COM INTERLOMAS, COL. SAN FERNANDO LA HERRADURA, HUIXQUILUCAN, ESTADO DE MEXICO. 52760 "},
{"Name":"KAYCHEE 232-UN-Polanco","Address":"AV. MIGUEL DE CERVANTES SAAVEDRA NO. 397, COL. IRRIGACION, DEL. MIGUEL HIDALGO, MEXICO, DISTRITO FEDERAL. C.P. 11579"},
{"Name":"KAYCHEE 652-UN-Samara Santa Fe","Address":"AV. ANTONIO DOVALI JAIME NO. 70, COL. ZEDEC SANTA FE DELEG. áLVARO OBREGóN, MéXICO, D.F. C.P. 01260"},
{"Name":"KAYCHEE 655-Tecamachalco","Address":"AV. DE LOS BOSQUES NO. 128, LOMAS DE TECAMACHALCO, HUIXQUILUCAN, C.P..52780"},
{"Name":"KAYCHEE 18-UN-Atizapan","Address":"AV. SAN MATEO NO. 17, COL. ATIZAPAN CENTRO, MPIO. ATIZAPAN DE ZARAGOZA, ESTADO DE MEXICO. C.P. 52900"},
{"Name":"KAYCHEE 111-UN-Nicolas Romero","Address":"CARRETERA ATIZAPAN- NICOLAS ROMERO NO. 4, COL. FRANCISCO SARABIA, MPIO. NICOLAS ROMERO,  ESTADO DE MEXICO, C.P. 54473"},
{"Name":"KAYCHEE 130-Cd. Labor","Address":"AV. BOULEVARD REFORMA No.42, SAN FRANCISCO CHILPAN, TULTITLAN, C.P..54944"},
{"Name":"KAYCHEE 146-Coacalco","Address":"VIALIDAD MEXIQUENSE NO. 92, FRACC. SAN FRANCISCO, COACALCO, ESTADO DE MEXICO, C.P..55712"},
{"Name":"KAYCHEE 161-Bellavista","Address":"BLVD. BELLAVISTA NO. 22, LOMAS DE BELLAVISTA, ATIZAPAN DE ZARAGOZA, ATIZAPAN,C.P..52994"},
{"Name":"KAYCHEE 167-Lago de Gpe","Address":"BOSQUE DE BOLOGNIA S/N, BOSQUES DEL LAGO, CUAUTITLAN IZCALLI, C.P..54766"},
{"Name":"KAYCHEE 236-UN-Mundo E *Satelite","Address":"BLVD. MANUEL AVILA CAMACHO NO. 1007, COL SAN LUCAS TEPETLACALCO, TLALNEPANTLA, ESTADO DE MEXICO. C.P. 54055"},
{"Name":"KAYCHEE 237-UN-Tenayuca","Address":"AV. LA VENTISCA NO. 100, COL. SOLIDARIDAD NACIONAL, DELEG. GUSTAVO A. MADERO, MéXICO, D.F. C.P. 07268"},
{"Name":"KAYCHEE 667-Viveros","Address":"PARQUE CENTRAL No. 44, UNIDAD HABITACIONAL ADOLFO LOPEZ MATEOS,TLALNEPANTLA DE BAZ,  C.P..54070"},
{"Name":"KAYCHEE 100-UN-Iztapalapa","Address":"CALLE SOTO Y GAMA NO. 21, DELEGACION IZTAPALAPA, MEXICO, DISTRITO FEDERAL. C.P 09240"},
{"Name":"KAYCHEE 121-Churubusco","Address":"RIO CHURUBUSCO NO. 1072, NUEVA ROSITA, IZTAPALAPA, MEXICO, C.P. 09420"},
{"Name":"KAYCHEE 140-Tulyehualco","Address":"AV. AQUILES CERDAN No. 360, QUIRINO MENDOZA, TULYEHUALCO, DISTRITO FEDERAL, C.P..16740"},
{"Name":"KAYCHEE 141-Copilco","Address":"AV. PEDRO ENRIQUEZ UREÑA NO. 514, PUEBLO DE LOS REYES, COYOACAN,MEXICO,  C.P..04330"},
{"Name":"KAYCHEE 154-Xochimilco","Address":"CARRETERA A SANTIAGO TEPELCATLALPAN NO. 400, LA CONCHA, XOCHIMILCO, C.P..16210"},
{"Name":"KAYCHEE 158-Plaza América","Address":"BENITO JUAREZ NO. 117, EX HACIENDA COAPA, COYOACAN, MEXICO, C.P..04980"},
{"Name":"KAYCHEE 165-Zaragoza","Address":"CALZADA IGNACIO ZARAGOZA NO. 846, PANTITLAN, IZTACALCO, DF, C.P..08100"},
{"Name":"KAYCHEE 233-UN-Coapa","Address":"CALZ. DEL HUESO NO. 670, COL. LOS ROBLES, DELEGACION COYOACAN, MEXICO, DISTRITO FEDERAL. C.P. 04940"},
{"Name":"KAYCHEE 234-UN-Ajusco","Address":"CARRET. PICACHO-AJUSCO NO. 175, COL. HEROES DE PADIERNA, DELEGACION TLALPAN, MEXICO, DISTRITO FEDERAL. C.P. 14200"},
{"Name":"KAYCHEE 235-UN-Universidad","Address":"AV. UNIVERSIDAD NO. 740, COL STA CRUZ ATOYAC, DELEGACION BENITO JUAREZ, MEXICO, DISTRITO FEDERAL. C.P. 03300"},
{"Name":"KAYCHEE 241-UN-Anfora","Address":"ANFORA NO. 71, COL MADERO, DELEGACION VENUSTIANO CARRANZA, MEXICO, DISTRITO FEDERAL. C.P. 15320"},
{"Name":"KAYCHEE 670-Tezontle","Address":"AV. CANAL TEZONTLE No. 1512, DR. ALFONSO ORTIZ TIRADO, IZTAPALAPA, MEXICO, DF, C.P..09020"},
{"Name":"KAYCHEE 39-UN-Ecatepec *Palomas","Address":"AV. CENTRAL ESQ. AV. JARDINES DE MORELOS S/N, SANTA CRUZ VENTA DE CARPIO, ECATEPEC DE MORELOS, ESTADO DE MEXICO. C.P. 55065"},
{"Name":"KAYCHEE 91-UN-Tecamac","Address":"CARR. FED. MEX-PACHUCA KM. 35.3 S/N, FRACC. SIERRA HERMOSA, TECAMAC DE FELIPE VILLANUEVA CENTRO, ESTADO DE MEXICO. C.P 55740"},
{"Name":"KAYCHEE 107-UN-Ojo de Agua","Address":"AV. SANTA CRUZ OJO DE AGUA NO. 88, COL. EX-EJIDO DE SAN FRANCISCO, MPIO. DE TECAMAC, ESTADO DE MEXICO. C.P. 55770"},
{"Name":"KAYCHEE 116-UN-Tepozan","Address":"AV. TEPOZANES NO. 3 , COL. VALLE DE LOS REYES, MPIO. LOS REYES LA PAZ, MEXICO, ESTADO DE MEXICO. C.P. 56430"},
{"Name":"KAYCHEE 157-Tecamac II (Heroes)","Address":"AV. OZUMBILLA LOTE 27 MZA. 42 NO. 97, LOS HEROES TECAMAC III, TECAMAC DE FELIPE VILLANUEVA, MEXICO, C.P..55764"},
{"Name":"KAYCHEE 239-UN-Eduardo Molina","Address":"AV. EDUARDO MOLINA NO. 1623, COL. EL COYOL, DELEGACION GUSTAVO A. MADERO, MEXICO, DISTRITO FEDERAL. C.P. 07440"},
{"Name":"KAYCHEE 240-UN-Neza 1 *Estadio","Address":"4TA. AVENIDA NO. 257 LOTE 1 ENTRE LAZARO CARDENAS Y CTO REY NEZA, FRACC REY NEZA, MPIO DE NEZAHUALCOYOTL, ESTADO DE MEXICO. C.P. 57000"},
{"Name":"KAYCHEE 260-UN-Neza 2 *Impulsora","Address":"AV. PLAZA CENTRAL NO. 1, COL. PLAZAS DE ARAGON, CIUDAD NEZAHUALCOYOTL, ESTADO DE MEXICO. C.P. 57139"},
{"Name":"La Tienda Especiál 1142-Totoltepec","Address":"Vicente Lombardo Toledano #343 Santa Maria Totoltepec C.P. 50200 Toluca Estado De Mexico."},
{"Name":"La Tienda Especiál 1150-Huehuetoca","Address":"Blvrd. Jorobas-Huehuetoca KM  4.5,  Barrio de Salitrillo CP. 54680"},
{"Name":"La Tienda Especiál 1161-Valle De Chalco","Address":"Av. Cuauhtémoc N° 467, entre Isidro Fabela y Topógrafos Colonia María Isabel Municipio Valle de Chalco Solidaridad C.P. 56615"},
{"Name":"La Tienda Especiál 1177-Santiago Tianguistenco","Address":"Av. Catarino Gonzalez Benítez 202| Santiago Tianguistenco, Estado de México C.P. 52600"},
{"Name":"La Tienda Especiál 1199-Tepojaco","Address":"San Felipe de Jesus M- 20 Lte. 10 Entre San Antonio de Padua y San Francisco de Asis Col. Lomas  de San Francisco Tepojaco Municipio Cuautitlan izcalli Estado de México CP. 54720"},
{"Name":"La Tienda Especiál 1201-San Agustín Ecatepec","Address":"Av. Adolfo López Mateos S/N Col. Miguel Hidalgo Ecatepec Edo. De México C.P. 55490"},
{"Name":"La Tienda Especiál 1233-Tecalco","Address":"Camino Sanpablo Tecalco S/N  Colonia Nueva Santa Maria (De San Pablo Tecalco)  C. P. 55747"},
{"Name":"La Tienda Especiál 1236-Atlacomulco","Address":"Av. Mario Colín Sánchez N° 283, entre las calles Duraznos y Porfirio Alcántara Col Cuatro Milpas Deleg. Atlacomulco, Edo de Méx CP.50455"},
{"Name":"La Tienda Especiál 1400-Joyas de Coacalco","Address":"Av Isaac Colin #281 Las Garzas Coacalco de Berriozabal Edo de Mex CP. 55718"},
{"Name":"La Tienda Especiál 1428-San Mateo Atenco","Address":"Av. Benito Juárez No. 504 Barrio de Santiago  CP. 52100 San Mateo Atenco Edo. de México"},
{"Name":"La Tienda Especiál 1496-El Molinito","Address":"Av. De Las Granjas N° 41,  Col. Martires De Rio Blanco Municipio Naucalpan De Juarez Estado De Mexico  C.P 53780"},
{"Name":"La Tienda Especiál 1558-La Palma","Address":"AV Venustiano Carranza #3 El Infiernillo Cuautitlán Edo de Mex CP. 54878"},
{"Name":"La Tienda Especiál 1559-San Mateo Nopala","Address":"Camino Real A San Mateo N° 115, Entre Las Calles De Andador El Trueno Y Ayuntamiento Col. San Mateo Nopala Municipio  Naucalpan De Juarez Estado De Mexico CP.53220"},
{"Name":"La Tienda Especiál 1634-Cuautzingo","Address":"Avenida Morelos S/N San Gregorio Cuautzingo C.P. 56640, Chalco Edo de México"},
{"Name":"La Tienda Especiál 1828-Acolman","Address":"Carretera Libre México-Pirámides Km. 37 Col. Tepexpan Mun. Acolman C.P 55885 Estado de México"},
{"Name":"La Tienda Especiál 1829-Almoloya","Address":"Av. Benito Juarez s/n  Colonia Centro, Almoloya de Juárez, Estado de México"},
{"Name":"La Tienda Especiál 1830-Arbolada los Sauces","Address":"Arbolada Los Maples N° 141, Entre las Calles viaducto Bicentenario y Av. Los Sauces Col. Conjunto Urbano la Arbolada los Sauces II CP. 55635"},
{"Name":"La Tienda Especiál 1870-Tepotzotlan","Address":"Av. Juarez  N° 3, Entre las Calles Av. Insurgentes y Rio Chico de Tepotzotlan CP. 54605"},
{"Name":"La Tienda Especiál 1899-San Juan de la Labor","Address":"Carretera Zumpango-Los Reyes, No. 5000, Col. Paseos de San juan, Zumpango, Estado de México, C.P. 55634"},
{"Name":"La Tienda Especiál 1930-El Oro","Address":"Av. Centro Industrial N° 14 Y 16 Lotes 6 Y 7 , Entre Las Calles Av. De Las Alamedas Y Tuxpan, Estado De Mexico C.P 54954"},
{"Name":"La Tienda Especiál 2054-Terranova","Address":"Boulevard del Lago #1-A Mz 1 Lt 3 Colonia Geovillas de Terranova,  Acolman Edo. de Mex. C.P. 55883"},
{"Name":"La Tienda Especiál 2072-Portal Chalco","Address":"Av. Prolongación San Sebastián S/N Lote 2, Esquina Arturo Montiel Rojas, Colonia Barrio de San Sebastián, Chalco Estado de México, CP.56600"},
{"Name":"La Tienda Especiál 2141-Xonacatlán","Address":"Venustiano Carranza 133, Col. Centro Cp 52060, Xonacatlan Estado De Mexico."},
{"Name":"La Tienda Especiál 2221-Alpinismo","Address":"Maria del Refugio Alexandre Tarello No. 528 Col. San Buenaventura C.P 50121 Toluca Estado de México"},
{"Name":"La Tienda Especiál 2240-Santa Cruz","Address":"Agripin García Estrada N° 403, entre las calles de Insurgentes y Pozo Blanco Col Santiago Tlaxomulco Centro Deleg. Toluca, Edo de Mex CP.50280"},
{"Name":"La Tienda Especiál 2525-Río Hondo","Address":"Camino Arenero #650 Col. San Jose Rio Hondo Municipio de Naucalpan Estado De Mexico C.P 52810"},
{"Name":"La Tienda Especiál 2736-Chimalhuacan Peñon","Address":"Av. Del Peñón s/n Col. Xochitenco Chimalhuacán Estado de México C.P. 56340"},
{"Name":"La Tienda Especiál 2737- Etzatlan","Address":"Calle Etzatlan, N.25 Colonia Popular Rastro, Delegación Venustiano Carranza, CP. 15220"},
{"Name":"La Tienda Especiál 2767-Doctores","Address":"Eje Central Lázaro Cárdenas Niño Perdido N° 303, Entre Las Calles Doctor Bolaños Cacho Y Doctor Morones Prieto Eje 3 Sur, CDMX C.P. 6780"},
{"Name":"La Tienda Especiál 2871-Viento Nuevo","Address":"Emiliano Zapara s/n , entre las calles Felipe Angeles y Av. Circuito Metropolitano Col. Viento Nuevo C.P.55066, Ecatepec de Morelos"},
{"Name":"La Tienda Especiál 2873-Dimas","Address":"Camino a San Antonio La Concepcion No. 600 Fraccionamiento Rancho San Dimas Municipio san antonio La Isla Edo. De Mexico CP. 52280"},
{"Name":"La Tienda Especiál 3020-Xalostoc","Address":"Av. San Andres s/n. Colonia Hank Gonzalez C.P 55520 Ecatepec Edo. Mexico"},
{"Name":"La Tienda Especiál 3026-Gobernadora","Address":"Av. Gobernadora 50-E Colonia Tulpetlac CP 55108 Ecatepec, Estado de Mexico"},
{"Name":"La Tienda Especiál 3043-Zinacantepec","Address":"Av. 16 de Septiembre N° 349 entre Privada 16 de Septiembre y Niños Héroes Colonia Barrio de San Miguel Deleg. Zinacantepec, Estado de México CP.51354"},
{"Name":"La Tienda Especiál 3065-Bosques del Valle","Address":"Tultepec #23 Bosques del Valle Coacalco de Berriozabal Edo de Mex CP.55717"},
{"Name":"La Tienda Especiál 3074-Villas De La Hacienda","Address":"Carr. Lago de Gpe N° 388, Entre Las Calles De Luis Donaldo Colosio y Del Charro Villas De La Hacienda Atizapan De Zaragoza, Edo De Mex C.P. 52929"},
{"Name":"La Tienda Especiál 3098-Guadalupana","Address":"Vialidad mexiquense #2  Los Heroes de Tecamac , Tecamac  Edo de Mex CP. 55763"},
{"Name":"La Tienda Especiál 3141-San Pablo Tultitlán","Address":"Recursos Hidraulicos No 280 Col. San Pablo de las Salinas Tultitlan Estado de México C.P. 54930"},
{"Name":"La Tienda Especiál 3167-Santa Inés","Address":"Carretera Himno Nacional S/N entre las calles de Emiliano Zapata y Carretera Zumpango, Col. Visitación, Melchor Ocampo, Estado de México, CP 54890"},
{"Name":"La Tienda Especiál 3213-La Presa","Address":"Hermilio Mena S/N esq. Calle Alpino, Col. Industrial La Presa, C.P. 54187, Tlalnepantla de Baz, Edo. De Mex."},
{"Name":"La Tienda Especiál 3214-Chinampa","Address":"Carretera Federal Mexico-Pachuca  Colonia Sierra Hermosa  Tecamac Estado de Mexico C. P.  55749"},
{"Name":"La Tienda Especiál 3296-Villas de Ayotla","Address":"Boulevard Cuauhtemoc N° 4700, Esquina Jose Maria Velasco Colonia Villas de Ayotla C.P. 56560, Municipio de Ixtapaluca, Estado de México."},
{"Name":"Red Barn Stores 2219-JOROBAS","Address":"CARRETERA JOROBAS-TULA 02 38 MANZANA 125 NTE 1 CAMINO A SANTA TERESA, COL. STA TERESA 3 Y 3 BIS CP 54695, HUEHUETOCA, EDO. DE MEXICO"},
{"Name":"La Tienda Especiál 3668-Real De Costitlan","Address":"Real del  Arzobispado Mz. 62, Lt. 1, U. Hab. Real de Costitlan  C.P. 56370, Chicoloapan de Juárez Estado de México."},
{"Name":"Red Barn Stores 1107-IXTAPALUCA ","Address":"CARRETERA MEXICO- CUAUTLA LOCALES 3A Y 3B S/N COL. HACIENDA DE SANTA BARBARA, C.P. 56530, IXTAPALUCA MEXICO ENTRE LA ESPINITA E IXTAPALUCA"},
{"Name":"La Tienda Especiál 3725-Toluca Pilares","Address":"Av Gobernadores No 308 Barrio De Coaxustenco Metepec Edo De Mex CP 52176"},
{"Name":"La Tienda Especiál 3750-Autopista Querétaro","Address":"Km 41.5 Autopista México Querétaro Col. Parque Industrial la Luz CP. 34830"},
{"Name":"La Tienda Especiál 3751-Insurgentes Sur","Address":" Guadalupe Victoria No. 1 Tlalpan Centro, D.F C.P. 14000"},
{"Name":"La Tienda Especiál 3752-Vallejo","Address":"Av. Industria #7 Fracc. Industrial San Pablo Xalpa Tlalnepantla, Estado De Mexico C.P. 54090"},
{"Name":"La Tienda Especiál 3753-Plaza Aragón","Address":"Av. Central  Lt 62 AL 68 Y 118 Cd. Azteca 3ra Seccion Ecatepec Edo. Mex. CP.55280"},
{"Name":"SuperStore 3825-SAN  MATEO","Address":"Antiguo Camino a San Mateo No. 20 Col. Anexo Coamilco C.P. 53240 Naucalpan, Edo. De Mexico"},
{"Name":"La Tienda Especiál 3755-Tacubaya","Address":"Parque Lira #147 Col. Tacubaya Delegación  Miguel Hidalgo D.F. C.P 11870"},
{"Name":"La Tienda Especiál 3756-Tlalnepantla","Address":"Rio Lerma #105 Fracc. La Romana Tlalnepantla, Estado De Mexico C.P. 54030"},
{"Name":"La Tienda Especiál 3757-San Juan de Aragón ","Address":"Av. Jose Loreto Favela  N. 55 Col. San Juan De Aragon  Delg. Gustavo A.Madero  C.P 55090"},
{"Name":"La Tienda Especiál 3759-San Rafael","Address":"Serapio Rendon #117 San Rafael Cuauhtemoc, D.F. C.P. 6470"},
{"Name":"La Tienda Especiál 3760-Lomas Estrella","Address":"Av Tlahuac #4421, Iztapalapa Lomas Estrella 2a Sección, 09890 Ciudad de México, D.F."},
{"Name":"La Tienda Especiál 3761-Tulyehualco","Address":"Av. Tlahuac # 1577 Colonia.  Mirasoles  C.P 09880 Del . Iztapalapa"},
{"Name":"La Tienda Especiál 3762-Chimalhuacán","Address":"Av. Chimalhuacan  428 y 430 Col. Benito Juarez  c.p 57000 Nezahualcoyotl  Edo. Mex"},
{"Name":"La Tienda Especiál 3763-Mariano Escobedo","Address":"Mariano Escobedo #145 Anahuac Miguel Hidalgo, D.F. C.P. 11320"},
{"Name":"La Tienda Especiál 3764-Iztapalapa","Address":"Av. Ermita Iztapalapa # 875 Col. Santa Isabel Industrial C.P 09820 Delegacion Iztapalapa"},
{"Name":"La Tienda Especiál 3765-Ecatepec","Address":"Av Lopez Portillo #410 Col Guadalupe Victoria Ecatepec Edo de Mex CP.55010"},
{"Name":"La Tienda Especiál 3766-La Viga ","Address":"Calz. La Viga #136 Colonia Lorenzo Boturini Del.  Venustiano Carranza D.F. C.P 15820"},
{"Name":"La Tienda Especiál 3768-Villa Coapa","Address":"Av. Canal de Miramontes No. 7620, Col. Villa Coapa, Del. Tlalpan, D.F.  C.P. 14390"},
{"Name":"La Tienda Especiál 3770-Pantitlán","Address":"Calz. I. Zaragoza #1172 Col. Agricola Pantitlan, Delegacion Iztacalco C.p. 08100"},
{"Name":"La Tienda Especiál 3771-Plaza Churubusco","Address":"Av. Rio Churubusco # 1130 Col. Infonavit Iztacalco Del. Iztacalco D.F C.P 08900"},
{"Name":"La Tienda Especiál 3772-Plaza Atizapan","Address":"Carr. Atizapan Villa Nic. Romero Atizapan Atizapan, Estado De Mexico C.P. 52947"},
{"Name":"La Tienda Especiál 3774-Ferrocarril Hidalgo","Address":"Venturina  #354 Col. Estrella Deleg. Gustavo A Madero Entidad D.F. C.P 07810"},
{"Name":"La Tienda Especiál 3775-La Aurora","Address":"Carmelo Perez No. 774 Benito Juarez, Cd. Nezahualcoyotl, Estado de México C.P. 5700"},
{"Name":"La Tienda Especiál 3776-Sor Juana","Address":"Indio Triste No 47 Metropolitana 2da seccion,Netzahualcoyotl.Edo de Mexico CP. 55740"},
{"Name":"La Tienda Especiál 3777-Valle de Aragón ","Address":"Valle  Santiago  N° 102  Col. Valle  de  Aragon  CP. 57100  Nezahualcoyotl  Estado  de  Mexico"},
{"Name":"Red Barn Stores 5765-LAS AMERICAS ","Address":"AV. CENTRAL ESQ. AV. 1° DE MAYO, MZ 04 LT. 01 COL. LAS AMERICAS, C.P. 55459 ECATEPEC DE MORELOS, ESTADO DE MEXICO"},
{"Name":"La Tienda Especiál 3778-Xochimilco","Address":"Prolongación Division del Norte 5333, Colonia Potrero de San Bernardino, Delegación Xochimilco, C.P. 16030, México, D.F."},
{"Name":"La Tienda Especiál 3782-Centenario","Address":"Av. Centenario # 394 Col.  Merced Gomez, Del  Alvaro Obregon D.F. C.P 1600"},
{"Name":"La Tienda Especiál 3783-Santa Clara ","Address":"Carr. Mex-Pachuca #3277 Km. 17.5, col. Tulpetlac, Ecatepec, Estado de México, CP 55400"},
{"Name":"La Tienda Especiál 3784-1° de Mayo","Address":"Av. 1 Mayo Y Rio Hondo #200 Col. San Andres Atoto  Municipio Naucalpan Estado De Mexico C.P 53500"},
{"Name":"La Tienda Especiál 3786-Santa Fe","Address":"Camino Real A Toluca # 644 Colonia Cuevitas delegación  Alvaro Obregon D.F.  C.P 1220"},
{"Name":"Red Barn Stores 3503-ECATEPEC CENTRO","Address":"AV . REVOLUCION 1560 ENTRE LAS CALLES AGRICULTURA Y BENITO JUAREZ COL. SAN CRISTOBAL CENTRO CP 55000 ECATEPEC EDO DE MEXICO"},
{"Name":"La Tienda Especiál 3787-Cuautitlán","Address":"Av. Paseo de la Constitución s/n L-1 Mz. C-34 B Col Centro Urbano, CP  54700 Edo de Mex."},
{"Name":"La Tienda Especiál 3791-Fuentes del Valle","Address":"Vía López Portillo #149 Fuentes del Valle Tultitlán Edo de Mex CP.54910"},
{"Name":"La Tienda Especiál 3792-San Juanico","Address":"Carretera Mexico Laredo km 8 Colonia La Laguna C.P 54190"},
{"Name":"La Tienda Especiál 3795-Texcoco","Address":"Calle Prolongación 16 De Septiembre S/N Colonia San Pablo Municipio De Texcoco De Mora Edo Mex. CP. 56110"},
{"Name":"La Tienda Especiál 3797-Cabeza de Juárez","Address":"Anillo Periferico 1911 Col. Ejercito Constitucionalista entre eje 5 y 6 C.P 09220"},
{"Name":"La Tienda Especiál 3798-Santa Cecilia","Address":"Calz. Sta Cecilia #17 Pueblo Sta Cecilia Tlalnepantla, Estado De Mexico C.P. 54130"},
{"Name":"La Tienda Especiál 3799-Ángeles Iztapalapa","Address":"Av. Ermita Iztapalapa No.2001 Col. Los Angeles Del. Iztapalapa CP. 09830"},
{"Name":"La Tienda Especiál 3803-Observatorio","Address":"Av. Observatorio #457 Col. Las Americas Del.  Alvaro Obregon D.F. C.P 1120"},
{"Name":"La Tienda Especiál 3805-Santa Lucía","Address":"Av. Sta Lucia # 185 Col. Alfonso XIII Del.  Alvaro Obregon D.F. C.P 01460"},
{"Name":"La Tienda Especiál 3808-Bolivar","Address":"Bolivar #190 Obrera Cuauhtemoc, D.F. C.P. 6800"},
{"Name":"La Tienda Especiál 3860-Zaragoza","Address":"Calzada Ignacio Zaragoza No. 1527, Col. Tepalcates, Iztapalapa, D.F. , C.P. 09210"},
{"Name":"La Tienda Especiál 3871-Plaza Cuautitlán","Address":"Autopista México Qro. Km. 37.10 Esq. Av. de los Fresnos Col. Arcos del Alba, Municipio Cuautitlán Izcalli CP. 54750"},
{"Name":"La Tienda Especiál 3874-Cantil","Address":"Av. Aztecas no. 221 Col. Los Reyes Del. Coyoacan CP 04330"},
{"Name":"La Tienda Especiál 3883-Melchor Ocampo","Address":"Carr. Melchor Ocampo No.1  Barrio Tlaltepan. C.P. 54800"},
{"Name":"La Tienda Especiál 3884-Chalco 2000","Address":"Av. Vicente Guerrero N° 25 Colonia Ejidal Chalco Centro C.P 56030 Chalco Edo de México"},
{"Name":"La Tienda Especiál 3888-Vía Morelos","Address":"Av. Vía Morelos S/N, Col. Alcahuacan Jajalpa CP 55090,  Ecatepec de Morelos Estado de México"},
{"Name":"La Tienda Especiál 3891-Los Reyes","Address":"Km. 17.5 Carr. Lib. Mex-Puebla, Col. Emiliano Zapata, Los Reyes La Paz, Estado de México, C.P. 56490"},
{"Name":"La Tienda Especiál 3892-Av Central","Address":"Av. Hank Gonzalez No. 104-106 entre Av. Independencia y Av. Constitucion de la Republica, Nezahualcoyotl  Edo. De Mexico C.P. 07469"},
{"Name":"La Tienda Especiál 3897-La Virgen","Address":"Calzada de la Virgen No. 2990, Colonia UCTM Culhuacan CP.04480 México D.F."},
{"Name":"Red Barn Stores 1724-LOS REYES ZUMPANGO","Address":"CARRETERA ZUMPANGO LOS REYES S/N ENTRE LAS CALLES DE LOS PINOS Y PIRINEOS COL. BUENAVISTA CP 55635 ZUMPANGO, EDO. DE MEXICO"},
{"Name":"La Tienda Especiál 3910-Palomas","Address":"Calle Palomas Mz 1 Lt 1 La Veleta Ecatepec Edo de Mex CP.55000"},
{"Name":"Red Barn Stores 3176-OJO DE AGUA TECAMAC","Address":"BLVD. VALLE DE SAN PEDRO LOTE 1A, ESQUINA AV. LEONARDO MARTINEZ, COL. SAN FRANCISCO CUAUTIQUIXCO CP 55760, TECAMAC, EDO DE MEXICO"},
{"Name":"La Tienda Especiál 3916-Iztapalapa Norte","Address":"Calz. Ermita Iztapalapa no. 3409 col. Santa Maria Aztahucan  CP. 09500"},
{"Name":"La Tienda Especiál 3924-Cofradías","Address":"Av. Jorge Jiménez Cantú, lote 2, manzana s/n, Colonia Ex - Hacienda San Miguel  CP.54710"},
{"Name":"La Tienda Especiál 4017-Toluca Aztecas","Address":"Heriberto Enríquez N° 1037 entre Paseo Real de San Javier y Nogales Colonia Azteca Deleg. Toluca, Estado de México CP.50180"},
{"Name":"La Tienda Especiál 4029-Av. Nacional","Address":"Carretera Mexico-Pachuca s/n esquina privada av nacional  Santo Tomas chiconautla Ecatepec de Morelos Edo de Mex CP.55068"},
{"Name":"La Tienda Especiál 4128-Arca De Noé","Address":"Av. Arca de Noe #150 Col. Acuitlapilco Chimalhuacan, Estado de México C.P. 56335"},
{"Name":"La Tienda Especiál 4198-El Tenayo","Address":"Paseo De Los Sauces N° 5 Entre Av. Santa Cecilia Y Paseo De Las Ahuehuetes Valle Del Tenayo Tlalnepantla De Baz, Estado De Mexico C.P. 54147"},
{"Name":"La Tienda Especiál 4541-Ixtapaluca","Address":"Carretera Federal México- Cuautla KM 30.5 , Fracc. Hacienda de Santa Barbara, Ixtapaluca, Estado de Mexico, C.P. 56530"},
{"Name":"La Tienda Especiál 4558-Tecamac","Address":"Carretera federal Mexico-Pachuca # 65 Esmeralda Tecamac Edo de Mex CP. 55765"},
{"Name":"La Tienda Especiál 5730-Chicoloapan","Address":" Carretera México - Texcoco K.m. 29.5 s/n Col. 2 de Marzo Sn Vicente Chicoloapan C.P. 56370 "},
{"Name":"La Tienda Especiál 5733-Plaza Chimalhuacán","Address":"Av. Nezahualcoyolt  No.172 Col Cabecera Municipal Chimalhuacan Estado de Mexico CP 56330"},
{"Name":"La Tienda Especiál 5768-Cd Labor","Address":"Vía José López Portillo No. 12  Col. San Francisco Chilpan Tultitlan, Estado De Mexico C.P. 54940"},
{"Name":"SuperStore 1053-ACOXPA","Address":"Calz. Acoxpa No. 438, Esq. Con Calzada De Guadalupe, Col. Ex hacienda Coapa, C.P. 14300, Del. Tlalpan, D.F."},
{"Name":"SuperStore 3813-CHURUBUSCO","Address":"Av. Cerro de Las Torres No. 229 Col. Campestre Churubusco Delegación Coyoacán Mexico, D.F.C.P.04200"},
{"Name":"SuperStore 3836-COPILCO","Address":"Av. Copilco No. 75 Col. Copilco El Bajo Delegación Coyoacán Mexico, D.F. C.P. 04340"},
{"Name":"SuperStore 3831-COYOACAN","Address":"Miguel A. De Quevedo 870 Col. Concepción  Delegación Coyoacán Mexico, D.F. C.P. 04000"},
{"Name":"SuperStore 3843-DIVISIÓN DEL NORTE","Address":"División del Nte.  No. 3651 Col. Sn. Pablo Tepetlapa Delegación Coyoacán Mexico, D.F. C.P. 04600"},
{"Name":"SuperStore 2766-FELIX CUEVAS","Address":"Félix Cuevas #374 Col. Tlacoquemecatl C.P. 03200, Benito Juarez,  Distrito Federal "},
{"Name":"SuperStore 3839-GIRASOLES","Address":"Rancho Sn. Lorenzo No. 6 Col. Girasoles de Valle Delegación Coyoacán Mexico, D.F. C.P. 04920"},
{"Name":"SuperStore 3397-MAYORAZGO","Address":"Mayorazgo No130 Col. Xoco Del. Benito Juarez , México  D.F. C.P. 03339 "},
{"Name":"SuperStore 3819-DEL VALLE","Address":"Heriberto Frías No. 1107 Col. Del Valle Delegación Benito Juarez México, D.F. C.P. 03100"},
{"Name":"SuperStore 3223-DEL VALLE NORTE","Address":"Boulevard Xola No. 407 Col. Del Valle Norte, Delegación Benito Juarez, México, D.F.  C.P.03103"},
{"Name":"SuperStore 1492-OLIPLAZA","Address":"Av. Río Churubusco No. 583 esq. Av. La Viga, Col. Sector Popular, C.P. 09060, Deleg. Iztapalapa, D.F."},
{"Name":"SuperStore 3199-PASEOS DE TAXQUEÑA","Address":"Calz. Taxqueña No. 1752 Col. Paseos de Taxqueña, Delegación Coyoacán C.P. 04290, México, D.F."},
{"Name":"SuperStore 3479-POPOCATEPETL","Address":"Av. Popocatepetl No 546 esq. Av. Universidad, Col. Xoco, C.P. 03330, Deleg. Benito Juarez, D.F."},
{"Name":"SuperStore 3842-RIO CHURUBUSCO","Address":"Ajusco No. 126 Col. Portales C.P. 03300 Delegación Benito Juarez México, D.F."},
{"Name":"SuperStore 2829-CALZADA DE LOS LEONES","Address":"Calzada de Los Leones No. 242 Col. Los Alpes  Delg. Alvaro Obregón Mexico D.F. C.P. 01010"},
{"Name":"SuperStore 2830-J.DE LA MONTAÑA","Address":"Blvd. Picacho Ajusco No. 8 entre las calles Paseos del Pedregal y Pico de Turquino, Col. Jardines en la Montaña, C.P. 14210, Tlalpan, D.F"},
{"Name":"SuperStore 3177-INS. LA JOYA","Address":"Insurgentes Sur No. 4120 entre las calles de Cantera y Limantitla, Col. Tlalpan Centro, C.P. 14000, Deleg. Tlalpan, D.F."},
{"Name":"SuperStore 3816-PEDREGAL","Address":"Av. Sn. Jerónimo No.273 Col. La Otra Banda  Delegación Alvaro Obregón Mexico, D.F. C.P. 01090"},
{"Name":"SuperStore 3818-REVOLUCIÓN","Address":"Av. Revolución No. 1151 Col. Mixcoac Delegación Benito Juarez México, D.F. C.P. 03910"},
{"Name":"SuperStore 3827-PERIFERICO","Address":"Calz. De Tlalpan  No.4467 Col. Toriello Guerra  Delegación Tlalpan Mexico,D.F. C.P. 14050"},
{"Name":"SuperStore 3833-JARDINES","Address":"Av. De Las Fuentes  No. 490 Jardines Del Pedregal Delegación Alvaro Obregón Mexico, D.F. C.P. 01900"},
{"Name":"SuperStore 3837-LUIS CABRERA","Address":"Av. Contreras No.386 Col. Sn. Jerónimo Lidice Delegación Magdalena Contreras Mexico, D.F. C.P. 10200"},
{"Name":"SuperStore 3840-PATIO PEDREGAL","Address":"Periférico Sur No 5270 Col. Sta. Úrsula Coyoacán Mexico, D.F. C.P. 04650"},
{"Name":"SuperStore 3896-FTES. PEDREGAL","Address":"Calle Unión No. 3 Colonia Fuentes del Pedregal Delegación Tlalpan Mexico, D.F. C.P. 14220"},
{"Name":"SuperStore 3915-AV. TOLUCA","Address":"Av. Toluca No. 511  Col. Olivar de Los Padres Delegación Alvaro Obregón Mexico, D.F. C.P. 01780"},
{"Name":"SuperStore 3817-GEORGIA","Address":"Georgia No. 53 Col. Nápoles Delegación Benito Juarez México, D.F. C.P. 03810"},
{"Name":"SuperStore 3481-GRAND POLANCO","Address":"Boulevard Miguel de Cervantes Saavedra no. 380, (376a)Col. Irrigación, Delegación Miguel Hidalgo C.P. 11500"},
{"Name":"SuperStore 3832-HOMERO","Address":"Av. Homero No.310  Col. Chapultepec Morales Delegación Miguel Hidalgo Mexico, D.F. C.P. 11570"},
{"Name":"SuperStore 3811-HORACIO","Address":"Horacio No. 603 Col. Chapultepec Morales Delegación Miguel Hidalgo Mexico, D.F. C.P. 11570"},
{"Name":"SuperStore 3834-INDIANA","Address":"Maximino Avila Camacho No. 32 Col. Ciudad De Los Deportes Delegación Benito Juarez México, D.F. C.P. 03710"},
{"Name":"SuperStore 3828-LOS MORALES","Address":"Horacio No. 1740 Col. Chapultepec Morales Delegación Miguel Hidalgo Mexico, D.F. C.P. 11510"},
{"Name":"SuperStore 3820-MICHOACÁN","Address":"Michoacán No. 38 Col. Hipódromo Condesa Delegación Cuauhtémoc Mexico, D.F. C.P. 06170"},
{"Name":"SuperStore 3809-PACHUCA","Address":"Pachuca No.99 Col. Condesa Delegación Cuauhtémoc Mexico, D.F. C.P. 06140"},
{"Name":"SuperStore 3025-PARQUES POLANCO","Address":"Lago Alberto No. 320, entre las calles Mariano Escobedo y Lago Mayor, Col. Granada, C.P. 11520, Deleg. Miguel Hidalgo, D.F."},
{"Name":"SuperStore 3812-NARVARTE","Address":"Pedro Romero De Terreros No. 1461 Col. Narvarte Delegación Benito Juarez México, D.F. C.P. 03020"},
{"Name":"SuperStore 3810-SENA","Address":"Rio Balsas No. 23 Col. Cuauhtémoc Delegación Cuauhtémoc Mexico, D.F. C.P. 06500"},
{"Name":"SuperStore 3480-WTC DAKOTA","Address":"Av. Dakota No. 95 entre las calles Arizona y altadena, col. Nápoles, C.P. 03810, Deleg. Benito Juárez, D.F. "},
{"Name":"Red Barn Stores 4191-LAGO DE GUADALUPE ","Address":"LAGO DE GPE S/N LOTE 2 LOCAL SA03 ENTRE LAS CALLES AUTOPISTA MEXIC-QUERETARO Y TEXCATILPOCA, COL. SAN PEDRO BARRIENTOS 54010 TLANEPANTLA DE BAZ EDO DE MEXICO"},
{"Name":"SuperStore 3835-LOMAS ANAHUAC","Address":"Av. De Los Bosques No. 234 Col. Lomas De Tecamachalco Huixquilucan, Edo. De Mexico C.P. 52760"},
{"Name":"SuperStore 3629-ECHEGARAY","Address":"Av. Gustavo Baz 3 244 Col. Echegaray Naucalpan Edo. De Mexico C.P. 02770"},
{"Name":"Red Barn Stores 3016-MACRO PLAZA HEROES TEC.","Address":"BOSQUES DEL ESTADO DE MEXICO NO. 2 LOTE 1, ENTRE BOSQUES DE CHAPULTEPEC Y BOSQUES DE LOS CIPRESES, COL. LOS HEROES TECAMAC, C.P. 55764 TECAMAC EDO. DE MEXICO"},
{"Name":"SuperStore 3824-ORADORES","Address":"Av. Fuentes de Satélite No. 1 Fraccionamiento Col. Jardines de Bellavista, Tlalnepantla de Baz, Edo. De Mexico C.P. 54080"},
{"Name":"La Tienda Especiál 5770-Zumpango","Address":"Blvd.Melchor Ocampo No.120/Col.Barrio de Santiago. CP 55600"},
{"Name":"SuperStore 1408-VALLE DORADO","Address":"Blvd. Manuel Avila Camacho No. 3130, Tlalnepantla, Estado de México C.P. 54020"},
{"Name":"La Tienda Especiál 5813-La Paz","Address":"Av. Río Bravo No. 6, Col. El Salado, La Paz, Estado de México, C.P. 56410"},
{"Name":"SuperStore 3821-LINDAVISTA","Address":"Montevideo No. 360 Col. Lindavista Delegación Gustavo A. Madero Mexico, D.F. C.P. 07300"},
{"Name":"Red Barn Stores 4154-PERINORTE","Address":"AUTOPISTA MEXICO-QUERETARO KM 30.2 ENTRE LAS CALLES AV, CENTRAL Y CARRETERA CUAUTITLAN TLANEPANTLA, COL. SAN MARTIN TEPETLIXPAN CP 54763 CUAUTITLAN IZCALLI, EDO DE MEXICO"},
{"Name":"SuperStore 3814-BARRILACO","Address":"Sierra Ventana No.750 Col. Lomas de Chapultepec Delegación Miguel Hidalgo Mexico, D.F.C.P. 11000"},
{"Name":"SuperStore 3829-BOSQUES DE LAS LOMAS","Address":"Bosques de Duraznos 187 Loc. 1 Col. Bosques de Las Lomas Delegación Miguel Hidalgo Mexico, D.F.C.P. 11700"},
{"Name":"SuperStore 3841-LILAS","Address":"Paseo de Las Lilas No.92 Col. Bosques De Las Lomas Delegación Cuajimalpa Mexico, D.F. C.P. 05120"},
{"Name":"SuperStore 3881-SANTA FE","Address":"Av. Tamaulipas No. 3000 Col. Santa Fe Delegación Cuajimalpa Mexico, D.F. C.P. 05340"},
{"Name":"SuperStore 3830-VIRREYES","Address":"Aguilar y Seixas No. 123 Col. Molino Del Rey Delegación Miguel Hidalgo Mexico, D.F. C.P. 01140"},
{"Name":"SuperStore 3921-VISTA HERMOSA","Address":"Av. Noche de Paz No. 38 Col. Granjas Navidad  Delegación Cuajimalpa Mexico, D.F. C.P. 05219"},
{"Name":"SuperStore 5817-AXOMIATLA","Address":"Calz. de Las Águilas No. 1819 Col. San Antonio Tarango Delg. Alvaro Obregón Mexico, D.F. C.P. 01780"},
{"Name":"SuperStore 3844-BOSQUES DE MINAS","Address":"Bosque de Minas No. 33 Col. Bosques de La Herradura Huixquilucan, Edo. de Mexico C.P. 52783"},
{"Name":"SuperStore 3034-FUENTES DE LAS LOMAS","Address":"Av. Jesús Del Monte No. 37, Entre Olmo y Prolongación Huixquilucan, Col. Jesús Del Monte, , Huixquilucan, Estado De México, C.P. 52764"},
{"Name":"KAYCHEE  175-Lomas Estrella","Address":"Avenida Tláhuac 4409, Itzapalapa, Lomas Estrella, 09890 Ciudad de México, D.F., México"}]